enrollee_id,target
32403,0.2505
9858,0.313
31806,0.5876
27385,0.1248
27724,0.2156
217,0.5651
21465,0.8398
27302,0.7905
12994,0.4392
16287,0.6899
10856,0.7744
9272,0.2771
14249,0.2376
24372,0.1536
14070,0.7313
24914,0.6487
7865,0.8443
7463,0.1613
21514,0.7985
29033,0.6993
15359,0.7994
16001,0.1602
25202,0.7877
5058,0.8235
23570,0.192
19139,0.3789
9548,0.1632
8799,0.6669
11113,0.3523
19437,0.8152
394,0.2923
7683,0.7812
22849,0.1502
17189,0.785
28610,0.2103
25608,0.1907
22139,0.2467
19644,0.1895
18517,0.744
12835,0.1753
20178,0.1678
25855,0.15
32126,0.2019
22753,0.1769
18133,0.8225
29242,0.8007
6312,0.7574
113,0.1744
14685,0.401
20768,0.431
25906,0.1403
20142,0.1431
25891,0.2533
4742,0.2992
2222,0.1643
16917,0.5997
10493,0.7771
10418,0.2988
9766,0.2198
1361,0.819
19625,0.1667
20943,0.2533
9561,0.2259
4271,0.3002
2094,0.2135
16931,0.3813
27298,0.5373
26493,0.5356
30745,0.6201
21052,0.7312
20723,0.7689
13539,0.2964
3214,0.2141
16230,0.2953
25300,0.1232
24018,0.7482
21833,0.2069
30632,0.1576
4334,0.4131
22271,0.6712
28776,0.187
27769,0.837
25909,0.2084
31266,0.2282
7973,0.1538
30867,0.7965
22501,0.1526
2539,0.3428
26681,0.2601
16184,0.3974
3852,0.2106
1680,0.3728
3562,0.1478
8488,0.7421
8373,0.195
2934,0.1945
12919,0.8265
4386,0.641
22462,0.7978
13988,0.2094
21230,0.467
26180,0.8225
16658,0.1603
10324,0.2345
20453,0.2708
13485,0.1734
33080,0.2076
25492,0.783
1319,0.7668
19146,0.1941
29339,0.1662
33177,0.1603
22143,0.1728
22264,0.8012
17034,0.1763
27002,0.7092
21318,0.1502
12308,0.2997
842,0.8082
4926,0.222
3,0.2402
19567,0.7867
12809,0.1829
22682,0.3192
1216,0.1871
4417,0.3204
24162,0.8527
16873,0.1677
21920,0.2377
24230,0.7277
5189,0.4835
24396,0.1756
770,0.1684
30913,0.1592
14566,0.2512
15634,0.2063
18163,0.2323
16673,0.8262
18805,0.4125
15367,0.8236
22556,0.7349
27439,0.5717
18426,0.7576
9789,0.2688
28172,0.1453
9184,0.1439
3587,0.2863
1167,0.2336
1663,0.5348
20948,0.7299
31594,0.1504
27117,0.7632
678,0.1726
1441,0.6849
31272,0.7642
12443,0.1804
32981,0.2043
1317,0.1512
4601,0.2023
30498,0.4599
7863,0.614
8744,0.4429
14698,0.1912
10021,0.1502
15253,0.2401
18108,0.2128
31410,0.2047
30532,0.1572
31733,0.1732
28833,0.8018
8708,0.7975
10050,0.2664
21685,0.24
18529,0.4772
1850,0.3003
22639,0.5205
5967,0.8259
20977,0.1832
5391,0.8234
4398,0.7329
18383,0.7171
17336,0.7585
7470,0.1901
24781,0.1739
24202,0.7243
20650,0.4049
5377,0.1003
31693,0.2184
28619,0.7094
15432,0.1631
22999,0.8118
8377,0.2096
9302,0.6061
16158,0.156
29575,0.7613
16573,0.2042
30736,0.6035
20612,0.8155
11976,0.1632
28302,0.1649
9462,0.6446
14512,0.7744
8401,0.2144
19780,0.1931
2594,0.7159
1466,0.2195
17205,0.2954
12990,0.199
4234,0.1814
18171,0.7937
15457,0.1971
23319,0.7889
10598,0.1615
7788,0.6735
32021,0.176
23969,0.1755
13037,0.2704
30196,0.156
19504,0.8753
16336,0.7724
6048,0.1955
6827,0.7855
9268,0.2366
11169,0.7991
31131,0.3206
12361,0.7275
15165,0.6131
27773,0.1528
15266,0.1862
26289,0.23
32553,0.4096
33062,0.132
8818,0.1673
15380,0.7791
30120,0.7713
24317,0.7362
412,0.21
30607,0.3815
8513,0.447
8596,0.1353
14539,0.1672
20456,0.7056
15221,0.1319
28968,0.2405
21648,0.1856
3210,0.2119
22118,0.7941
5605,0.3581
30930,0.1766
28718,0.2411
8141,0.6426
3486,0.2369
8805,0.1577
6602,0.323
14916,0.282
21636,0.155
9047,0.7882
6694,0.1982
17793,0.7602
32857,0.1574
26325,0.6452
20907,0.7455
12617,0.3001
24295,0.1476
32409,0.7962
16713,0.1914
4863,0.6889
13274,0.6199
12462,0.8189
8524,0.1329
21728,0.1624
20577,0.527
3407,0.7245
27184,0.3909
28845,0.1387
2851,0.2585
485,0.391
7207,0.1229
9005,0.7389
4532,0.1596
23235,0.2387
5403,0.2088
8232,0.1661
40,0.7514
8991,0.8173
28620,0.1685
16355,0.765
18340,0.7923
5138,0.8077
12391,0.5993
15550,0.1481
27155,0.167
19883,0.3819
25140,0.5021
27463,0.1806
23894,0.8067
18285,0.1964
25415,0.4639
9894,0.2258
15242,0.8022
8485,0.8135
11982,0.1285
28370,0.7973
17047,0.2264
24941,0.8186
28936,0.468
9562,0.4271
30061,0.1095
2718,0.7937
24681,0.1782
16210,0.1621
1517,0.3684
29475,0.2704
32233,0.8352
26601,0.2873
22457,0.7573
30759,0.7337
27417,0.1952
18983,0.5315
32085,0.1695
13197,0.1712
14026,0.7847
19719,0.8193
30046,0.2065
10446,0.785
5907,0.287
1392,0.1719
10348,0.2127
7957,0.3816
19058,0.4285
19243,0.1965
7770,0.3333
15910,0.1593
30486,0.4596
20333,0.3927
6816,0.7714
26209,0.1825
10803,0.1737
26411,0.2899
31555,0.1992
15564,0.3321
28764,0.7337
14172,0.3107
3068,0.7382
27164,0.1802
20887,0.1548
27102,0.1032
14534,0.1861
9021,0.2526
6527,0.56
7615,0.2175
11392,0.216
33148,0.7663
20910,0.7997
20269,0.2604
23670,0.8091
19946,0.2216
29652,0.2772
23770,0.3771
24340,0.1242
18737,0.1658
24739,0.2776
31072,0.1703
32629,0.6303
4184,0.1653
19028,0.2655
12295,0.1818
17898,0.1133
25160,0.7471
13000,0.352
8849,0.2258
4773,0.2062
23867,0.3551
25341,0.2478
1456,0.7683
22152,0.1844
6560,0.12
22829,0.1614
4745,0.1863
22814,0.3579
23233,0.2557
26370,0.3475
12695,0.7154
11888,0.3303
319,0.2014
2510,0.761
5298,0.1365
18400,0.2108
30849,0.721
31123,0.3522
15829,0.1927
15578,0.1984
4037,0.1816
29658,0.1403
10171,0.1473
1937,0.2488
7376,0.1786
25243,0.174
9234,0.2014
8471,0.202
5367,0.2155
5576,0.1909
5488,0.194
18306,0.147
2063,0.194
14205,0.805
16490,0.5153
10560,0.1828
23064,0.1991
32545,0.1417
29833,0.8097
14200,0.1949
29830,0.7497
21423,0.7958
13869,0.2051
28259,0.1588
9618,0.803
18209,0.7547
27437,0.1594
17129,0.6335
8349,0.174
6179,0.2141
28842,0.7859
26563,0.295
19256,0.6061
25579,0.2381
27521,0.2099
31378,0.2009
14870,0.6532
11929,0.2064
14585,0.7198
32487,0.8331
15593,0.71
13170,0.1358
24544,0.1776
11613,0.8077
30221,0.8155
28251,0.2954
4062,0.2371
29018,0.4411
26433,0.2369
5489,0.2864
19459,0.8141
6017,0.3777
24261,0.7872
16705,0.2963
16540,0.769
7508,0.1893
32650,0.2763
21381,0.7976
9487,0.8352
9040,0.3602
12854,0.2247
32495,0.5964
1622,0.6729
15660,0.8369
4052,0.2267
23279,0.2721
20286,0.3539
13832,0.6074
8066,0.4023
31585,0.1785
1249,0.1956
10843,0.2211
9706,0.2043
14601,0.796
5823,0.2886
1148,0.141
31284,0.1965
21383,0.4894
32156,0.337
14110,0.2581
20035,0.8067
20872,0.3445
14568,0.7821
12115,0.1702
26440,0.1692
28319,0.1522
11654,0.3127
22964,0.1513
6834,0.2354
15305,0.6826
14669,0.8079
15978,0.1909
32027,0.2118
4806,0.1495
23700,0.192
5956,0.1819
2441,0.1747
20068,0.3631
18369,0.7392
28121,0.7899
15061,0.1518
7443,0.1865
14456,0.7131
1864,0.1355
23766,0.3413
13051,0.3354
25644,0.2104
16941,0.2162
30388,0.2625
5861,0.1745
9840,0.3017
16203,0.2119
23986,0.7855
6889,0.1309
3658,0.1605
4004,0.2142
14620,0.2351
18979,0.1358
25101,0.7007
10873,0.2014
24570,0.1701
25051,0.8227
22366,0.2333
11762,0.3566
9993,0.3254
31464,0.1502
5040,0.442
976,0.291
30784,0.1814
31557,0.7155
22982,0.1864
29300,0.1469
5932,0.1895
31852,0.2824
20833,0.2588
9501,0.1794
9707,0.8171
20756,0.2828
11541,0.1474
28084,0.1975
9726,0.7974
31483,0.2913
17440,0.2871
30836,0.6214
139,0.1774
2606,0.7807
14158,0.7268
13100,0.5156
30502,0.1879
24245,0.1348
28562,0.1544
12735,0.1676
4114,0.2141
30367,0.6203
5412,0.6056
27834,0.1432
4709,0.1705
23880,0.7646
18607,0.3948
15527,0.1383
13748,0.2073
24331,0.7046
10636,0.1991
12488,0.8016
16660,0.188
2892,0.2865
6332,0.7357
6504,0.6699
19043,0.2713
22715,0.3879
27606,0.1668
33052,0.1771
6793,0.2339
16595,0.8328
18261,0.1391
27307,0.1185
25699,0.7982
11707,0.2109
21613,0.7045
32057,0.6121
115,0.1644
6823,0.1526
14353,0.4388
26805,0.7743
15635,0.6365
26417,0.1933
3848,0.2207
17211,0.7296
13103,0.2802
5243,0.7527
2107,0.3571
30974,0.1595
2998,0.268
22975,0.8022
27239,0.7901
18463,0.7893
21490,0.7931
30657,0.4986
32075,0.8166
31141,0.1756
2340,0.1582
21188,0.2902
24156,0.7819
32584,0.3583
6515,0.8342
14292,0.1874
16125,0.1982
25802,0.771
19385,0.8263
27304,0.1528
3697,0.5822
11800,0.3645
180,0.2082
7733,0.7855
6935,0.2201
4082,0.2194
31959,0.1709
25113,0.8117
14329,0.6055
15570,0.1905
32516,0.8207
2535,0.1905
16014,0.1673
24251,0.1643
31019,0.567
21012,0.1944
22140,0.3103
21462,0.7886
20786,0.6642
32404,0.3465
16084,0.6963
20103,0.7766
22525,0.354
13230,0.8033
29502,0.1177
11646,0.1483
6058,0.1104
30892,0.1697
31017,0.3128
23803,0.2701
6831,0.6551
20380,0.7916
15629,0.1646
17342,0.1831
22359,0.0893
27610,0.2627
26769,0.7701
3979,0.2817
25171,0.2536
23379,0.5779
18138,0.232
31687,0.1152
23739,0.3493
8392,0.6794
6427,0.2602
27813,0.1897
20687,0.1796
22527,0.7894
33343,0.8159
818,0.1606
31669,0.7599
10952,0.3772
16331,0.177
32029,0.2262
21152,0.246
23488,0.2495
11945,0.762
1670,0.4642
16104,0.2842
4158,0.2757
29781,0.1322
6720,0.7371
14369,0.5354
20235,0.1344
3617,0.2033
30756,0.7618
22625,0.7975
22057,0.7955
20635,0.7485
1588,0.2781
234,0.1949
18752,0.6359
18128,0.1414
18260,0.5101
19332,0.219
9564,0.2015
5685,0.169
18063,0.1935
27124,0.2726
3395,0.5537
22310,0.1714
15977,0.3102
4917,0.2553
19102,0.2031
23275,0.5856
13157,0.7634
13269,0.1438
29977,0.82
20571,0.1509
23883,0.5531
33033,0.8064
10579,0.6593
5258,0.7657
853,0.2035
27245,0.7827
30670,0.8118
22497,0.2445
3218,0.174
464,0.1557
15770,0.1623
18264,0.2072
32066,0.8467
11386,0.7602
17502,0.3406
32273,0.7825
27543,0.1475
16317,0.755
2852,0.1998
5056,0.3661
17504,0.6921
24585,0.7937
11734,0.2527
16675,0.2108
23344,0.6682
21786,0.2044
31079,0.7959
33251,0.1874
7805,0.1472
8911,0.7866
7315,0.4376
28132,0.797
8367,0.1851
27909,0.3232
32320,0.2794
15441,0.1695
25999,0.7972
20169,0.3592
11682,0.6274
26581,0.2184
14832,0.7734
18023,0.2761
18963,0.2361
9105,0.3522
18344,0.8046
576,0.2057
2656,0.3031
16881,0.1969
30245,0.7199
9630,0.2042
3580,0.1983
14773,0.231
31238,0.2213
1633,0.1764
1995,0.788
30587,0.1926
32369,0.125
3722,0.6531
10721,0.3003
407,0.1751
31098,0.1545
4053,0.1749
13782,0.3446
20767,0.4446
20113,0.206
4674,0.7862
2444,0.8063
19966,0.2442
26367,0.4419
19508,0.2046
13006,0.2708
7563,0.1654
25993,0.1704
18013,0.5474
27699,0.229
3003,0.1735
6620,0.2481
4364,0.1477
2296,0.1746
17958,0.326
9740,0.1987
1304,0.256
28735,0.1733
32212,0.4413
14053,0.5986
22641,0.1735
17900,0.7821
31333,0.1844
501,0.7696
18104,0.2195
6092,0.2406
17249,0.1474
1227,0.7839
23515,0.1912
16309,0.2136
5368,0.6824
27693,0.1878
2582,0.181
12096,0.7192
17526,0.1907
23647,0.1579
11440,0.7806
7942,0.1814
12064,0.7966
2170,0.2538
15663,0.8273
18378,0.8104
5943,0.2501
8578,0.2353
28645,0.2798
5101,0.6934
14529,0.257
26235,0.8123
24260,0.1509
17549,0.8176
17610,0.2312
10246,0.7464
8990,0.7058
20459,0.8414
22775,0.7915
11212,0.1703
11963,0.1431
14516,0.8041
6464,0.1894
31981,0.1847
19350,0.1769
675,0.3399
3374,0.669
24495,0.1528
8484,0.1981
12459,0.717
29414,0.1966
10548,0.185
29383,0.7859
13373,0.8174
21283,0.2619
2280,0.7728
5624,0.1985
6778,0.7395
2926,0.3498
20431,0.2406
29537,0.1292
4450,0.7658
25833,0.7489
33112,0.1689
547,0.1799
9270,0.3733
15566,0.2216
30826,0.1942
250,0.1903
25714,0.6219
28267,0.7962
4504,0.7791
12581,0.1705
15483,0.1907
2894,0.3488
15726,0.1424
17117,0.2061
14182,0.7898
3699,0.4621
29624,0.6828
16168,0.2998
9800,0.2106
9544,0.7783
1433,0.8055
27458,0.3745
4804,0.7908
24376,0.1647
31613,0.2585
26895,0.2242
17085,0.2737
22698,0.8011
146,0.1888
24022,0.7792
14658,0.1489
21548,0.1842
9827,0.2281
18544,0.6822
28874,0.2831
6361,0.2434
13089,0.215
23426,0.1957
22520,0.7591
9649,0.1763
23255,0.7384
24081,0.6262
23116,0.1099
27338,0.8411
14873,0.2085
11886,0.6305
9207,0.1913
3291,0.2095
5002,0.3045
6768,0.7393
6281,0.3857
11155,0.2339
14342,0.2667
10394,0.1693
14014,0.1634
28671,0.288
5109,0.1906
31775,0.1685
17944,0.1609
7499,0.2328
13124,0.7877
22808,0.7431
29695,0.2215
6167,0.1552
137,0.22
19494,0.2102
33277,0.7433
3760,0.344
6837,0.5495
27220,0.3349
26985,0.2198
23667,0.3415
7793,0.2786
11502,0.8305
5882,0.2849
24978,0.8125
25866,0.2275
30020,0.6122
5380,0.2015
20045,0.2093
26651,0.1655
14077,0.1503
32000,0.7583
26694,0.7967
167,0.7989
28381,0.2493
24612,0.1998
17481,0.4888
28007,0.7858
26178,0.7577
13467,0.4033
5720,0.7417
18565,0.7373
17018,0.215
13047,0.2386
20475,0.7746
5150,0.2192
31451,0.8148
14621,0.1594
29123,0.1779
13949,0.7596
2269,0.8191
12814,0.1291
5255,0.7146
3880,0.1663
25297,0.2232
27008,0.8106
1886,0.1719
31129,0.2496
1123,0.3265
9149,0.1779
21962,0.3207
462,0.8537
2677,0.7163
18648,0.1292
25612,0.2322
2784,0.809
33064,0.7979
3543,0.1881
16419,0.1798
31606,0.7883
5800,0.235
9032,0.1398
32908,0.623
31186,0.1397
18411,0.816
7636,0.2411
25586,0.2898
2583,0.1996
560,0.1626
5514,0.1946
3624,0.1354
1274,0.1483
4957,0.2476
7424,0.1994
12055,0.2699
9163,0.8148
29171,0.1989
16193,0.2107
25623,0.7753
2575,0.2807
21353,0.665
9106,0.1371
30470,0.5634
20437,0.3083
18316,0.8107
11956,0.1779
8713,0.2749
12951,0.5208
23795,0.2171
25933,0.2528
14271,0.1986
25129,0.8623
344,0.1583
31672,0.6086
6400,0.2089
30719,0.1573
26660,0.2543
14428,0.8314
6225,0.224
7773,0.7819
7720,0.167
2018,0.2998
5485,0.362
23288,0.2189
33010,0.1916
4819,0.2098
3127,0.2412
32360,0.1869
23133,0.1419
28972,0.7123
7439,0.6517
28333,0.6662
25726,0.3008
15009,0.192
20205,0.1834
31245,0.2076
10810,0.7058
1172,0.8077
10809,0.3435
16944,0.709
12829,0.2102
24246,0.137
33108,0.2522
5484,0.2573
20725,0.2156
19501,0.7614
19468,0.5252
1097,0.2262
31984,0.1641
172,0.2267
4899,0.173
19171,0.2396
21296,0.3344
14156,0.2576
31565,0.2177
21308,0.6576
691,0.2048
15225,0.1281
852,0.2324
3413,0.7084
33234,0.3427
13314,0.8101
30921,0.1422
17072,0.1717
31230,0.8069
6689,0.3489
19117,0.123
32259,0.1491
15640,0.6753
16690,0.1454
10928,0.7645
10640,0.2097
14904,0.2402
5160,0.1981
8239,0.7398
11912,0.2161
23554,0.206
17221,0.8278
25072,0.1325
19240,0.1888
12151,0.2266
26963,0.1245
2889,0.1895
19260,0.2355
7626,0.8452
31896,0.3052
17673,0.196
12645,0.8161
13726,0.5067
14240,0.7695
5113,0.3924
32646,0.8428
30645,0.2445
14500,0.8256
16525,0.1552
20663,0.1798
8897,0.8122
10049,0.1793
13543,0.2709
1250,0.1902
16345,0.5194
3673,0.2242
17165,0.8511
8587,0.2145
7903,0.3345
28390,0.8297
18101,0.5286
3408,0.6802
3619,0.1832
9335,0.2227
31337,0.7738
18903,0.1629
1406,0.205
31133,0.8274
30475,0.2879
11339,0.1729
10455,0.5428
22881,0.1886
29667,0.3172
16517,0.3421
15094,0.1541
2682,0.3498
7679,0.8501
2954,0.2073
12709,0.7585
24845,0.2673
6829,0.7616
12810,0.2139
20607,0.3907
10429,0.2484
18781,0.1115
21189,0.2206
19996,0.1985
24837,0.154
4955,0.1418
32766,0.1863
6209,0.7956
24293,0.7796
28090,0.1934
11842,0.2932
13211,0.7793
26309,0.3591
4832,0.2596
23885,0.2075
27278,0.2184
32853,0.1375
3264,0.19
9997,0.2374
21496,0.2248
20570,0.8017
11907,0.2016
28629,0.2764
31388,0.2322
14538,0.813
28,0.1432
32099,0.8054
6356,0.7698
16058,0.203
10198,0.2541
24993,0.2544
28864,0.2696
1206,0.2265
14412,0.1987
19987,0.1823
15586,0.2957
17424,0.1739
19783,0.2866
15763,0.1618
6433,0.7554
7881,0.1665
9237,0.183
26656,0.2166
14019,0.7498
27036,0.5453
8304,0.2035
16458,0.8156
16138,0.3504
8701,0.1851
14281,0.1765
1968,0.1948
742,0.187
17953,0.6623
660,0.1729
10829,0.1787
14159,0.2962
13603,0.1407
18232,0.1948
14574,0.7077
24725,0.332
10737,0.1767
15141,0.2742
25308,0.6084
23084,0.1544
25465,0.1375
12340,0.1831
15589,0.1694
129,0.1789
19641,0.3277
8083,0.2446
4166,0.1297
14586,0.8121
21822,0.1747
2415,0.1316
1382,0.749
30373,0.1729
1135,0.1062
29230,0.4011
16972,0.2254
25730,0.2223
17021,0.129
19032,0.1727
6154,0.2457
2744,0.1823
621,0.7498
14035,0.8286
13621,0.7383
19202,0.2044
29010,0.7127
3606,0.4154
22214,0.1474
16245,0.3316
30639,0.1545
28365,0.138
30546,0.1302
7792,0.5659
12846,0.81
25038,0.4363
17919,0.5941
6465,0.1644
13836,0.217
30399,0.1371
27949,0.2273
27512,0.1509
22507,0.24
656,0.2627
23663,0.8157
30907,0.2027
30023,0.2305
22045,0.2495
2209,0.1535
4838,0.7499
28498,0.1862
1179,0.7933
10682,0.1702
20707,0.3343
31228,0.6593
11642,0.2148
14477,0.7999
25737,0.1831
21032,0.8145
30770,0.75
28733,0.2123
26032,0.7855
2421,0.8255
6027,0.2167
7266,0.7417
20956,0.2105
26068,0.319
20179,0.2906
32956,0.1819
12570,0.7831
7689,0.8063
19653,0.1555
8447,0.3247
18513,0.4149
4066,0.2116
613,0.233
12437,0.1976
20917,0.7658
12505,0.7896
22510,0.8164
6642,0.7667
8562,0.3101
13030,0.2688
33291,0.4459
10469,0.813
30777,0.2649
31756,0.7439
3879,0.1881
16255,0.7466
5050,0.7761
4273,0.7656
14867,0.1737
16180,0.8028
8491,0.169
23514,0.2376
14398,0.2823
11444,0.4443
22303,0.236
7391,0.264
9195,0.7913
7519,0.2656
15307,0.5043
24683,0.2125
27067,0.8197
11327,0.239
2529,0.6423
31349,0.1416
30739,0.1691
32141,0.194
7759,0.7999
16286,0.6096
5381,0.2463
16782,0.7574
8122,0.288
4370,0.6144
13883,0.1124
21673,0.2408
24268,0.1874
17200,0.2579
31533,0.1063
23172,0.1732
1647,0.2209
1276,0.1604
19942,0.6422
26888,0.7162
11667,0.2285
3890,0.2196
17267,0.8026
4934,0.1483
2752,0.8084
6413,0.2535
5817,0.1696
27952,0.7163
6402,0.3736
2358,0.6824
7645,0.8234
15411,0.2533
32727,0.7751
32693,0.2159
471,0.2548
16922,0.2663
31991,0.1442
16212,0.7752
22477,0.8157
11514,0.1905
28290,0.2256
11473,0.2157
28584,0.1181
9209,0.1769
28252,0.8387
30158,0.156
18492,0.7132
18940,0.2294
30512,0.7884
19654,0.7887
16577,0.2513
17836,0.7112
29074,0.3254
25155,0.8039
31796,0.3087
30965,0.24
7212,0.4194
20419,0.7755
27143,0.453
33134,0.3645
21657,0.7779
14255,0.1637
11728,0.2213
915,0.1682
7987,0.7163
25241,0.2106
18483,0.3264
7032,0.2702
31668,0.2414
22870,0.129
13142,0.2049
11481,0.1785
1679,0.1547
15849,0.3999
22392,0.8119
29223,0.0895
5296,0.2515
25329,0.1497
15164,0.7675
5780,0.2096
14767,0.2362
7926,0.6404
32606,0.2203
30295,0.811
2436,0.2019
12407,0.1472
5509,0.1842
33300,0.1953
12374,0.3255
23562,0.2932
27420,0.7919
15974,0.1675
13204,0.7615
12453,0.7361
21071,0.3343
795,0.4614
80,0.2025
8509,0.2669
27199,0.1812
4393,0.2084
26993,0.8262
9753,0.7691
17074,0.1575
9291,0.1528
21210,0.1821
6548,0.174
5601,0.8
29159,0.208
20909,0.2108
13140,0.3008
8903,0.1625
20079,0.3277
24628,0.1786
5482,0.1451
16050,0.4726
18581,0.72
14438,0.731
8031,0.1836
32710,0.1968
5857,0.2635
28799,0.1814
19726,0.3116
6191,0.3994
32521,0.1958
29176,0.184
28278,0.3699
2625,0.1932
15587,0.3762
14741,0.2092
19210,0.2636
21015,0.1678
2010,0.1626
8942,0.7748
9586,0.1893
6444,0.198
1604,0.2198
24158,0.7794
24017,0.2783
24362,0.2799
29969,0.1793
16831,0.2097
28518,0.1273
21039,0.177
1776,0.1915
1678,0.2079
11188,0.7071
5346,0.152
25867,0.5161
8335,0.1692
29417,0.1844
28383,0.385
31485,0.2211
11330,0.2593
13259,0.1525
7539,0.1983
18271,0.8149
19556,0.1448
31232,0.7806
1175,0.2485
8107,0.2085
2768,0.2272
26448,0.4606
22700,0.7625
10287,0.1753
21246,0.2681
9098,0.3133
17952,0.1685
3889,0.2814
268,0.2366
27376,0.2698
22042,0.7764
32395,0.233
16955,0.1834
15027,0.2088
27771,0.136
25918,0.197
28694,0.1465
10523,0.7553
12163,0.5361
10279,0.7484
20918,0.1909
22940,0.1705
11283,0.2247
15682,0.2867
29890,0.1682
24998,0.3742
15853,0.4114
14581,0.1485
27390,0.3054
21976,0.2277
28808,0.2039
14285,0.2831
7784,0.2293
15973,0.807
24155,0.8169
24815,0.1956
21023,0.3886
27787,0.167
24378,0.7628
7346,0.2268
25958,0.1928
32635,0.7403
1985,0.7739
288,0.2324
27281,0.1776
7953,0.8127
366,0.8282
27108,0.2049
9514,0.1749
17386,0.3336
4889,0.2436
22974,0.7593
28176,0.147
17224,0.3844
32636,0.7443
21511,0.1724
25408,0.8201
10308,0.3676
6509,0.7487
12676,0.1669
22320,0.191
19403,0.7426
25679,0.1934
25097,0.7756
30538,0.3067
29321,0.1648
5083,0.2196
17194,0.1304
25371,0.2148
25629,0.1242
2790,0.8328
31615,0.1964
9134,0.8064
23968,0.1843
24908,0.7209
22712,0.3618
11063,0.5683
16129,0.5853
25292,0.2074
11796,0.8175
31234,0.5439
4581,0.3583
17703,0.2345
30036,0.5815
9837,0.3698
2715,0.4747
22652,0.398
15158,0.2196
830,0.1573
24660,0.2351
2915,0.4987
18322,0.309
23189,0.1956
25544,0.1626
15534,0.3846
12312,0.8162
7789,0.5829
6335,0.1247
17675,0.2621
7156,0.5177
14816,0.2755
31402,0.767
12759,0.2133
18706,0.4884
5266,0.2511
27308,0.8086
6721,0.7694
667,0.2206
3027,0.205
8735,0.4054
24238,0.7189
28911,0.1233
18575,0.4964
15098,0.236
33308,0.8431
185,0.2009
25603,0.8034
27386,0.2573
28630,0.0969
32243,0.1991
3635,0.3498
30957,0.6543
2326,0.3804
17950,0.6822
32910,0.821
32353,0.3136
13462,0.8148
28937,0.1333
29276,0.8039
16082,0.2046
515,0.1994
31826,0.2264
14515,0.3264
26722,0.8331
2937,0.1296
30103,0.227
25100,0.108
13397,0.1921
8413,0.5754
11413,0.5074
9556,0.4559
28061,0.8065
32374,0.2206
16251,0.7663
23674,0.8158
16689,0.1644
8042,0.3077
9055,0.7716
12674,0.2099
16328,0.1838
22099,0.213
6314,0.1886
4579,0.3362
11640,0.8126
5126,0.2488
11401,0.1436
5841,0.1775
1838,0.81
6398,0.2183
18267,0.3764
22591,0.8089
12996,0.8057
8514,0.2138
3862,0.2049
29762,0.2982
32795,0.8614
9918,0.2678
10162,0.2248
18847,0.2483
26138,0.4139
30294,0.1946
31629,0.1556
32019,0.6521
29341,0.2197
31465,0.2228
19158,0.2177
26354,0.1921
2936,0.2464
24820,0.2375
29326,0.8321
32022,0.1577
10478,0.7102
24800,0.7345
29243,0.3989
22835,0.7332
6615,0.7959
32152,0.1928
7281,0.2438
7314,0.4417
5479,0.8197
28427,0.2325
18166,0.2358
18384,0.7651
23628,0.5901
18665,0.6404
20691,0.7581
10260,0.779
4586,0.837
610,0.2659
17389,0.3052
12558,0.7988
16395,0.284
11770,0.17
27991,0.5866
27425,0.3898
25585,0.8186
20758,0.1627
4791,0.2057
18816,0.8242
31466,0.6963
12500,0.2633
1928,0.8306
15385,0.3923
14264,0.1982
29541,0.1532
8426,0.2461
11148,0.3095
22661,0.2299
19550,0.7324
15384,0.7996
1443,0.1677
14491,0.18
3275,0.1754
5265,0.2997
15865,0.7371
8539,0.1874
25995,0.2954
12288,0.1449
25411,0.2537
12189,0.8326
27933,0.1705
11273,0.1799
30859,0.2245
15521,0.1997
25054,0.7667
11506,0.2348
5934,0.2074
3689,0.356
27337,0.6783
15911,0.2922
32996,0.2456
10663,0.1474
18356,0.7502
6865,0.3288
30679,0.2154
7347,0.3144
31951,0.8189
13009,0.7235
6452,0.2659
19294,0.2021
12946,0.2224
8375,0.7214
8043,0.1788
4063,0.2128
14821,0.1257
16107,0.7834
23465,0.7885
18698,0.2672
24582,0.1671
19239,0.2074
9664,0.2635
17300,0.8028
21257,0.2159
26856,0.2134
29283,0.1687
30846,0.2125
24670,0.199
11391,0.2382
13823,0.3391
25931,0.2095
14638,0.1471
29031,0.7407
14883,0.7289
17924,0.5641
30951,0.219
9051,0.8207
6963,0.1588
3559,0.1635
9700,0.2781
11849,0.4649
22737,0.2101
6969,0.4027
31870,0.2323
25263,0.1658
21049,0.7963
17307,0.4097
19471,0.2482
22338,0.2389
18519,0.8441
8752,0.5579
17254,0.6093
31441,0.1508
13175,0.2186
2122,0.8251
734,0.1857
10655,0.7365
20900,0.2293
25977,0.8129
8038,0.5037
9275,0.4413
26576,0.2873
8184,0.792
25181,0.1996
27059,0.2247
17920,0.1678
14932,0.2392
2491,0.1523
22450,0.7505
12831,0.1798
24057,0.7987
27854,0.2556
9083,0.2118
26670,0.8109
5709,0.1182
31995,0.7009
11845,0.4837
14052,0.207
22407,0.6931
33353,0.1547
32278,0.8165
14069,0.6927
828,0.2156
16574,0.1405
6742,0.7295
6583,0.1328
15159,0.1687
16614,0.2122
27456,0.2449
16462,0.8113
32105,0.6913
22464,0.7955
20165,0.2662
2610,0.3934
18668,0.1403
20361,0.8335
1055,0.207
19794,0.4303
4810,0.6771
16560,0.8227
5236,0.771
28886,0.7436
18338,0.2073
25697,0.2128
15150,0.1372
5005,0.1988
8358,0.2262
27297,0.8267
19413,0.69
5111,0.1681
13477,0.8139
2120,0.2572
28293,0.2279
31481,0.8111
25635,0.122
14041,0.1594
10311,0.54
13925,0.1649
2183,0.7816
23188,0.1724
8982,0.2434
20064,0.2199
21604,0.6941
3991,0.605
3307,0.2165
4343,0.2399
24642,0.2131
12008,0.1878
22200,0.1694
2789,0.2276
22697,0.8081
20321,0.2294
13470,0.2183
31236,0.8371
32607,0.778
8216,0.6814
5320,0.1698
30466,0.2932
24026,0.8201
30013,0.1781
22342,0.5339
370,0.3025
30365,0.8155
30316,0.7646
28350,0.3298
11927,0.5581
31708,0.7714
25882,0.6301
16079,0.7955
21788,0.4871
2530,0.7479
20640,0.3497
7148,0.2248
20308,0.8328
2196,0.1726
17225,0.2867
28163,0.2234
16164,0.2273
11460,0.7625
2900,0.2883
1026,0.2834
8049,0.1415
12413,0.2166
17269,0.4447
3885,0.1924
5194,0.104
11644,0.2027
28377,0.0869
25914,0.8348
24947,0.2114
32540,0.7079
1346,0.2104
13220,0.2562
19336,0.1581
7416,0.3626
26996,0.1684
26859,0.1809
13498,0.2035
17659,0.1772
25173,0.1461
12002,0.1407
22468,0.8108
25106,0.2249
11730,0.2979
21871,0.1293
19543,0.2784
4842,0.3322
12874,0.2743
19725,0.7804
27614,0.152
322,0.161
29603,0.1924
28292,0.3677
423,0.2263
22858,0.3416
16449,0.1576
26195,0.1971
29710,0.375
11901,0.6187
8170,0.3518
31818,0.8398
10618,0.7702
10217,0.2412
13819,0.5336
13722,0.372
18100,0.6232
5029,0.181
31473,0.1856
26801,0.6705
18912,0.1754
27030,0.3248
3647,0.2421
4222,0.7595
25614,0.8114
19648,0.8123
22430,0.7766
15851,0.2792
301,0.2153
18825,0.2052
31758,0.7852
5898,0.8136
17932,0.0953
30260,0.2586
17669,0.2731
14806,0.1632
22480,0.3204
29259,0.2139
22746,0.1182
9852,0.8217
30,0.3502
17854,0.1862
9205,0.6355
17779,0.8191
20154,0.2978
16828,0.6357
7387,0.1174
31802,0.592
17188,0.7841
7300,0.1903
12136,0.1161
21899,0.2962
10834,0.4734
20841,0.7309
5962,0.8202
7813,0.1732
10847,0.5227
30109,0.8139
3312,0.2002
12884,0.1635
20514,0.1796
8411,0.2181
16798,0.1755
27389,0.2349
32783,0.1911
10230,0.1631
5980,0.7251
3672,0.8171
29832,0.8138
18719,0.7829
23024,0.2787
29629,0.8333
8112,0.8312
13953,0.2913
17450,0.7864
9752,0.7854
10167,0.2607
181,0.7832
1476,0.2992
16816,0.2232
16023,0.2796
12059,0.2219
28220,0.1441
18822,0.243
17720,0.2998
13419,0.1847
23734,0.2628
6610,0.1748
18569,0.1833
25136,0.7314
21469,0.2724
19752,0.1382
32453,0.1614
24625,0.1766
32745,0.133
15144,0.1657
26541,0.2661
14132,0.2553
2580,0.1958
32229,0.2559
11638,0.2566
7132,0.6521
22168,0.1962
29886,0.5808
5130,0.1219
923,0.1392
28035,0.6118
17153,0.1518
30428,0.8017
14687,0.1364
26621,0.7863
19744,0.215
32698,0.0998
15049,0.7899
32808,0.8391
7535,0.2083
20622,0.8112
22863,0.1789
21845,0.2229
16135,0.1449
15095,0.254
29703,0.3224
14785,0.793
20150,0.1942
19473,0.3266
26862,0.1821
3377,0.1733
21166,0.7969
24684,0.2689
32511,0.3012
10587,0.508
23210,0.1887
8243,0.2288
2046,0.19
875,0.1534
437,0.2055
9208,0.8141
18560,0.2423
31361,0.461
3432,0.8341
17066,0.1555
17993,0.2529
4879,0.1891
32898,0.7172
28680,0.2183
10304,0.1965
26899,0.141
23403,0.5006
21936,0.2894
26927,0.5433
25713,0.1799
23976,0.4273
29908,0.2417
17426,0.7736
9806,0.2398
25886,0.1951
2736,0.1719
26688,0.1705
19261,0.1862
16728,0.2043
8837,0.2565
9345,0.143
25696,0.1706
33236,0.1838
7258,0.7505
4274,0.1398
18287,0.2326
25062,0.2061
11144,0.1779
11404,0.3601
13232,0.1945
21968,0.8307
12142,0.7928
30796,0.381
23735,0.8077
26679,0.2186
21726,0.2233
5171,0.7915
3180,0.1197
26950,0.8046
24234,0.5887
32649,0.8113
4377,0.8314
545,0.2286
13114,0.2977
22786,0.7784
21335,0.7948
13292,0.7748
25862,0.2216
37,0.8111
25890,0.1963
22037,0.1826
29304,0.2283
19816,0.1972
7012,0.7994
23338,0.8048
30621,0.7085
11855,0.2938
14062,0.1806
952,0.1845
28695,0.7076
25255,0.2143
14684,0.164
2599,0.1465
27764,0.7302
22708,0.7783
13605,0.3027
3445,0.196
12029,0.2701
28494,0.8183
26151,0.1382
30903,0.192
23078,0.3109
3520,0.2774
23948,0.1674
20536,0.7687
12472,0.3206
12756,0.2066
634,0.2734
11458,0.525
20348,0.2332
21057,0.1901
26446,0.7391
24170,0.2024
16216,0.178
28349,0.1538
17295,0.2325
33316,0.3476
5280,0.6574
11201,0.6085
26483,0.2981
10977,0.1741
33290,0.8024
27216,0.727
7877,0.1385
5650,0.2511
6590,0.1957
13464,0.7521
25639,0.2125
12406,0.327
32113,0.2745
3787,0.2308
23606,0.6754
7522,0.4263
15293,0.7706
7564,0.7235
19218,0.2139
19678,0.1672
19499,0.1842
13962,0.1543
22744,0.277
21887,0.786
28552,0.271
10726,0.2325
6294,0.212
13833,0.8129
31643,0.176
21500,0.4303
33225,0.213
8905,0.4326
9772,0.1072
27163,0.1659
24507,0.5375
21339,0.7585
1289,0.2993
195,0.2114
31762,0.1599
7873,0.1671
12215,0.2727
